redirector_domain,first_seen,last_seen
12sexy.ru,2019-03-06 23:03:59,2020-04-08 19:26:40
18sexy.be,2019-01-05 08:45:44,2020-12-18 21:08:03
18sexy.biz,2018-12-24 01:06:51,2020-04-29 09:19:46
18sexy.co,2018-12-23 03:03:08,2020-12-18 21:08:04
18sexy.eu,2018-12-22 21:02:32,2020-12-18 21:08:05
18sexy.pl,2019-01-05 23:43:09,2020-12-18 21:08:05
18sexy.pw,2017-01-19 04:25:37,2020-12-18 21:08:06
18sexy.website,2017-01-06 18:42:36,2020-12-18 21:08:06
18sexy.xyz,2017-01-14 07:27:10,2020-12-18 21:08:07
19sexy.pw,2018-11-02 22:37:07,2020-12-11 16:57:38
1sexy.ru,2019-03-06 23:08:17,2020-04-08 20:56:38
20sexy.pw,2018-11-02 22:37:10,2020-12-11 16:57:37
21sexy.pw,2018-12-06 23:54:19,2020-12-11 18:40:12
3sexy.ru,2019-03-06 23:04:07,2020-04-08 19:49:27
5sexy.ru,2019-03-06 23:04:11,2020-04-08 18:05:11
6sexy.ru,2019-03-07 06:02:51,2020-04-08 18:51:02
aajgo.ru,2019-04-11 07:07:45,2020-05-13 16:01:22
ahlit.ru,2019-04-11 07:07:42,2020-05-13 23:07:47
ataxa88.ru,2016-12-22 11:05:22,2020-12-18 21:08:14
bighg.website,2017-07-12 12:36:11,2018-08-14 20:32:55
bjpw.ru,2020-11-10 21:07:11,2020-12-18 21:08:15
blgvttj.ru,2019-03-28 07:03:43,2020-04-21 11:17:56
cloobagfod.ru,2019-07-10 00:05:16,2020-08-11 00:52:11
cloobczcp.ru,2019-07-10 00:05:13,2020-08-11 00:52:15
cloobdewjtxzr.ru,2019-07-10 01:34:31,2020-08-11 00:52:27
cloobdkpb.ru,2019-07-10 07:02:39,2020-08-10 19:30:54
cloobejobeuya.ru,2019-07-10 00:05:07,2020-08-11 00:52:11
cloobjs.ru,2019-07-10 00:05:14,2020-12-18 21:08:19
cloobodqxb.ru,2019-07-10 00:05:18,2020-08-11 00:52:06
cloobolosbrqb.ru,2019-07-10 00:05:13,2020-08-11 00:52:09
cloobpkgb.ru,2019-07-10 00:05:29,2020-08-11 00:52:55
cloobpon.ru,2019-07-10 07:02:39,2020-08-11 00:52:46
cloobrbn.ru,2019-07-10 00:05:07,2020-08-11 00:52:52
cloobrgbul.ru,2019-07-10 00:05:05,2020-08-11 00:52:54
cloobrsrdv.ru,2019-07-10 00:05:05,2020-08-11 00:52:54
cloobrwt.ru,2019-07-10 00:05:25,2020-12-18 21:08:24
cloobtareje.ru,2019-07-10 00:05:09,2020-08-11 00:53:01
cloobvklxw.ru,2019-07-10 00:05:05,2020-08-11 00:52:50
cloobxb.ru,2019-07-10 00:05:11,2020-08-11 00:53:19
cloobxk.ru,2019-07-10 00:05:16,2020-12-18 21:08:26
cloobxx.pw,2019-06-06 14:36:08,2020-12-18 21:08:27
cloobxxx.bar,2020-03-25 03:11:44,2020-10-19 06:34:56
cloobxxx.fun,2020-03-25 03:36:17,2020-12-18 21:08:28
cloobxxx.pw,2020-03-24 17:45:36,2020-12-18 21:08:29
cloobxxx.ru,2020-03-26 00:04:22,2020-12-18 21:08:29
cloobxxx.website,2020-03-24 18:10:16,2020-06-03 04:05:12
cloobxxx.xyz,2020-03-24 17:55:12,2020-10-10 11:02:00
cloobykwlthh.ru,2019-07-10 07:02:39,2020-08-11 00:52:07
cloobzfye.ru,2019-07-10 00:05:03,2020-12-18 21:08:32
csvut.ru,2019-04-11 07:07:44,2020-05-13 16:31:19
ctze.ru,2019-03-28 07:03:45,2020-12-18 21:08:33
cwaz.ru,2019-03-28 00:53:09,2020-04-27 11:21:37
czdbs.ru,2019-03-28 00:05:08,2020-04-27 11:21:40
dcue.ru,2019-03-27 23:55:11,2020-04-27 11:22:01
ddab.ru,2010-12-01 09:55:04,2020-12-18 21:08:36
djwr.ru,2019-03-28 00:05:08,2020-04-27 11:23:04
dsie.ru,2015-03-27 11:45:53,2020-12-18 21:08:37
dxeoy.ru,2019-04-11 07:07:44,2020-05-13 11:24:19
edtzy.ru,2019-04-11 07:07:44,2020-05-13 11:24:45
eeyp.ru,2013-11-14 03:49:45,2020-12-18 21:08:39
eobewg.ru,2019-03-28 00:04:07,2020-04-27 11:25:34
ewfjt.ru,2019-04-11 07:15:23,2020-05-13 11:26:13
faow.ru,2020-07-07 22:26:08,2020-12-18 21:08:41
fztg.ru,2020-11-10 21:25:18,2020-12-18 21:08:41
ggzne.xyz,2017-07-12 12:57:09,2020-12-18 21:08:42
ghgw.ru,2012-03-29 09:25:15,2013-01-20 16:13:54
gwcfd.website,2017-08-15 20:58:07,2018-08-09 13:55:55
huwjquks.ru,2016-05-27 04:37:46,2018-06-29 14:23:55
hynkr.ru,2019-04-11 07:07:45,2020-05-13 11:31:40
hypk.ru,2020-11-10 21:32:54,2020-12-18 21:08:45
iaordq.ru,2019-03-27 23:29:49,2020-04-27 11:31:43
ibzd.ru,2020-11-10 21:32:54,2020-12-18 21:08:46
ijyp.ru,2020-11-10 21:32:10,2020-12-18 21:08:47
ijyu.xyz,2015-01-15 16:43:06,2019-11-05 18:47:22
jver.ru,2020-07-07 22:55:31,2020-12-18 21:08:49
jypvq.ru,2019-04-11 07:07:46,2020-05-13 11:34:08
kdka.ru,2011-02-18 23:04:00,2020-12-18 21:08:50
klczeibq.ru,2019-03-28 00:04:07,2020-04-27 11:35:11
kywvw.xyz,2017-07-12 12:56:11,2019-11-05 07:02:42
ldbi.ru,2013-09-04 15:28:47,2020-12-18 21:08:51
linodix.ru,2019-12-18 23:05:33,2020-12-18 21:08:52
linodkjs.ru,2019-12-18 23:05:30,2020-12-18 21:08:53
linodnk.ru,2019-12-18 23:05:26,2020-12-18 21:08:54
linodps.ru,2019-12-18 23:05:45,2020-12-18 21:08:54
linodrvs.ru,2019-12-18 23:05:37,2020-12-18 21:08:55
linoduba.ru,2019-12-18 23:05:26,2020-12-18 21:08:56
linodwi.ru,2019-12-18 23:05:47,2020-12-18 21:08:56
linodxz.ru,2019-12-18 23:05:45,2020-12-18 21:08:57
linodyq.ru,2019-12-18 23:05:38,2020-12-18 21:08:58
linodzn.ru,2019-12-18 23:05:30,2020-12-18 21:08:59
lnpo.ru,2020-11-10 21:45:48,2020-12-18 21:08:59
loveal.ru,2019-10-23 01:15:49,2020-11-21 10:38:47
lovefc.ru,2019-10-23 01:15:44,2020-11-21 10:38:48
lovejj.ru,2019-10-22 20:04:30,2020-11-21 10:38:48
lovejq.ru,2019-10-23 01:16:04,2020-11-21 10:38:48
lovekc.ru,2019-10-23 01:15:21,2020-11-21 10:38:48
lovemyrlove.ru,2019-04-04 00:04:07,2020-05-06 11:38:36
loveor.ru,2019-10-23 01:15:50,2020-12-18 21:09:03
lovepatifac.ru,2019-04-04 00:03:26,2020-05-06 11:38:36
loveqn.ru,2019-10-23 01:15:55,2020-11-21 10:38:49
loveret.ru,2019-04-04 00:04:07,2020-12-18 21:09:05
lovestes.ru,2019-04-03 17:43:15,2020-05-06 11:38:37
lovevv.ru,2019-10-22 12:51:37,2020-11-23 03:38:11
lovewc.ru,2019-10-23 01:16:04,2020-11-21 10:38:50
lovezg.ru,2019-10-23 01:15:21,2020-11-21 10:38:50
lovorutootoo.ru,2019-04-04 00:04:07,2020-05-06 11:38:37
luyq.ru,2020-11-10 21:46:43,2020-12-18 21:09:09
lyow.ru,2019-03-28 00:05:08,2020-04-26 11:38:44
nakgz.ru,2019-04-11 07:07:47,2020-05-13 11:43:21
nvyk.ru,2019-03-28 07:03:53,2020-04-28 02:03:54
nxwo.ru,2020-11-10 22:02:46,2020-12-18 21:09:12
nybo.xyz,2016-07-24 20:53:35,2020-12-18 21:09:12
ocxcs.ru,2019-04-11 07:07:48,2020-12-18 21:09:13
oegr.ru,2019-03-28 00:05:08,2020-04-28 00:34:36
oesb.pw,2020-07-07 08:21:07,2020-07-08 06:30:40
okao.xyz,2016-08-17 00:55:26,2020-12-18 21:09:15
okbl.xyz,2016-08-31 04:22:05,2020-12-18 21:09:15
okcs.ru,2011-12-29 11:14:49,2020-12-18 21:09:16
okcx.ru,2020-03-25 01:23:00,2020-12-18 21:09:16
okdr.xyz,2016-07-24 21:53:26,2020-12-18 21:09:17
okec.xyz,2016-02-21 18:01:59,2020-12-18 21:09:18
okgr.xyz,2016-08-17 00:55:37,2020-12-18 21:09:18
okgx.xyz,2016-05-16 00:14:47,2020-12-18 21:09:19
okhu.xyz,2016-07-24 21:53:58,2020-12-18 21:09:19
okhz.ru,2020-03-25 01:23:46,2020-12-18 21:09:20
okje.xyz,2016-06-19 15:24:49,2020-12-18 21:09:20
okkb.xyz,2016-08-09 11:35:30,2020-12-18 21:09:21
okkc.xyz,2016-08-15 22:21:28,2020-12-18 21:09:22
okkf.ru,2011-02-25 04:59:14,2020-12-18 21:09:23
okkh.xyz,2016-08-09 11:35:35,2020-12-18 21:09:23
okkl.ru,2011-01-26 09:43:17,2020-12-18 21:09:24
okkv.xyz,2016-08-09 11:35:56,2020-12-18 21:09:25
okkw.xyz,2016-07-09 04:20:43,2020-12-18 21:09:25
oklj.ru,2020-03-25 01:23:09,2020-12-18 21:09:25
okln.xyz,2016-03-09 01:08:30,2020-12-18 21:09:26
okoe.xyz,2014-11-07 08:55:21,2020-12-18 21:09:27
okpg.xyz,2016-06-29 08:29:07,2020-12-18 21:09:27
okwb.ru,2020-03-25 01:23:12,2020-12-18 21:09:28
okwh.xyz,2016-08-17 00:55:48,2020-12-18 21:09:28
okxp.ru,2020-03-25 01:23:08,2020-12-18 21:09:29
okyx.xyz,2016-08-09 11:44:06,2020-12-18 21:09:29
okzj.ru,2020-03-25 01:24:08,2020-12-18 21:09:30
okzu.xyz,2016-07-09 04:24:01,2020-12-18 21:09:30
okzv.ru,2020-03-25 01:23:46,2020-12-18 21:09:31
okzx.xyz,2016-07-09 04:24:01,2020-12-18 21:09:32
pgol.ru,2015-04-18 10:00:56,2020-12-18 21:09:33
pwho.ru,2011-01-26 14:58:31,2020-12-18 21:09:33
qcueuj.ru,2019-03-28 07:04:06,2020-04-27 11:50:27
qwhkl.ru,2019-04-11 07:07:49,2020-05-13 11:50:41
qybe.ru,2019-03-28 00:05:08,2020-04-27 11:50:34
rrancpb.ru,2016-08-21 11:21:42,2018-09-18 02:20:57
rrdtj.ru,2019-03-28 00:04:30,2020-04-27 11:52:39
sdhlq.ru,2019-04-11 07:07:49,2020-05-12 11:54:18
sexy13.ru,2012-04-27 15:12:43,2020-12-18 21:09:38
sexy14.ru,2019-02-06 23:11:07,2020-03-10 11:55:03
sexy17.ru,2019-02-06 23:04:38,2020-12-18 21:09:39
sexy21.pw,2019-01-23 05:21:39,2020-02-27 21:45:05
sexy22.ru,2010-11-26 16:29:22,2020-12-18 21:09:40
sexy25.pw,2019-02-07 23:10:55,2020-12-18 21:09:40
sexy26.pw,2019-01-23 05:21:38,2020-12-18 21:09:41
sexy28.pw,2019-01-23 05:21:39,2020-03-02 02:24:27
sexy28.ru,2019-02-06 23:04:36,2020-12-18 21:09:42
sexy29.pw,2019-01-23 05:22:21,2020-02-29 12:08:22
sexy6.ru,2013-10-11 18:56:24,2020-03-11 00:54:50
sexy7.ru,2011-05-16 18:55:46,2020-12-18 21:09:44
sexygzu.website,2018-03-23 06:43:25,2019-04-19 08:52:42
sexyjkhe.website,2018-03-22 06:38:07,2019-04-25 11:10:00
sexyktnu.website,2018-03-26 21:03:31,2019-04-25 11:41:38
sexylceq.website,2018-03-28 08:22:06,2020-06-04 19:27:58
slcox.ru,2019-04-11 07:07:50,2020-05-13 22:59:03
snpu.ru,2015-10-14 14:33:40,2020-12-18 21:09:47
svla.ru,2014-10-30 10:39:59,2020-12-18 21:09:48
tudjt.ru,2019-04-11 07:07:52,2020-05-13 15:04:36
tujej.ru,2019-04-11 07:07:51,2020-05-13 15:06:00
tyyx.ru,2019-03-27 23:33:48,2020-04-27 12:02:13
ulsiv.ru,2019-04-11 07:07:52,2020-05-13 12:02:42
uwul.ru,2020-11-10 22:52:38,2020-12-18 21:09:51
wciw.ru,2020-07-08 01:42:03,2020-12-18 21:09:52
webcambill.ru,2016-02-03 11:01:24,2019-03-05 18:30:06
wilu.ru,2010-09-21 17:51:19,2020-12-18 21:09:53
wlwrb.ru,2019-04-11 07:07:51,2020-05-13 12:06:08
wtue.ru,2020-11-10 23:11:26,2020-12-18 21:09:55
wtxk.ru,2020-07-08 01:41:33,2020-12-18 21:09:55
xvwqg.ru,2019-04-11 07:07:53,2020-05-13 12:06:37
xwxl.ru,2019-03-28 00:04:07,2020-04-26 12:06:29
xxld.ru,2020-07-07 19:46:18,2020-12-18 21:09:57
ycwr.ru,2019-03-28 00:04:16,2020-04-27 19:26:37
zcviw.xyz,2017-08-15 06:38:23,2020-12-18 21:09:59
zpshw.ru,2019-04-11 07:07:52,2020-05-12 17:28:02
ztyk.ru,2020-11-10 23:17:05,2020-12-18 21:10:00
zuxoqd.ru,2016-11-16 12:10:24,2018-12-16 11:08:43
