ipv4_address,first_seen,last_seen
103.43.132.99,2/21/2017 20:07,2/27/2017 16:52
103.47.250.75,10/13/2016 3:55,2/4/2017 21:32
104.18.46.126,6/9/2020 8:47,12/18/2020 21:09
104.18.47.126,6/9/2020 8:47,12/18/2020 21:09
104.24.110.120,9/9/2020 7:53,12/18/2020 21:08
104.24.111.120,9/9/2020 7:53,12/18/2020 21:08
104.247.81.50,5/25/2020 3:37,6/4/2020 19:27
104.27.160.206,9/11/2020 8:20,12/18/2020 21:08
104.27.161.206,9/11/2020 8:20,12/18/2020 21:08
104.27.162.35,9/17/2020 11:16,12/18/2020 21:08
104.27.163.35,9/17/2020 11:16,12/18/2020 21:08
104.28.16.34,9/11/2020 13:00,12/18/2020 21:08
104.28.17.34,9/11/2020 13:00,12/18/2020 21:08
104.31.68.49,9/10/2020 8:12,12/18/2020 21:08
104.31.68.59,6/11/2020 1:21,12/18/2020 21:09
104.31.69.49,9/10/2020 8:12,12/18/2020 21:08
104.31.69.59,6/11/2020 1:21,12/18/2020 21:09
107.149.85.142,1/7/2019 5:06,12/28/2019 18:25
107.161.23.204,6/8/2020 21:40,6/8/2020 21:40
109.230.239.166,8/17/2012 17:06,8/17/2012 17:06
109.70.26.37,3/13/2016 14:53,3/27/2016 17:58
109.94.209.128,3/6/2019 23:03,3/18/2019 4:10
113.10.173.13,5/16/2016 0:14,5/16/2016 0:14
113.10.173.222,11/8/2016 21:59,11/8/2016 21:59
120.136.10.25,10/1/2018 9:16,9/24/2019 19:11
134.249.133.142,10/7/2017 1:21,8/14/2018 8:10
144.76.40.132,8/23/2014 9:46,8/28/2014 8:55
149.93.161.163,9/21/2010 17:51,9/21/2010 17:51
150.95.255.38,12/17/2019 5:36,12/21/2019 15:30
151.80.132.85,5/2/2015 3:40,7/11/2015 21:31
157.7.107.69,12/31/2019 6:20,12/13/2020 10:05
172.67.130.30,9/11/2020 13:00,12/18/2020 21:08
172.67.139.30,9/17/2020 11:16,12/18/2020 21:08
172.67.169.86,9/11/2020 8:20,12/18/2020 21:08
172.67.194.109,6/9/2020 8:47,12/18/2020 21:09
172.67.196.171,9/9/2020 7:53,12/18/2020 21:08
172.67.210.41,6/11/2020 1:21,12/18/2020 21:09
172.67.212.193,9/10/2020 8:12,12/18/2020 21:08
176.9.168.190,5/13/2015 10:31,5/25/2015 13:00
176.9.31.81,4/27/2012 15:12,4/27/2012 15:12
185.117.119.170,5/6/2019 8:01,3/3/2020 15:51
185.117.119.71,4/5/2019 15:13,4/25/2019 18:52
185.118.166.231,5/23/2017 5:10,9/16/2017 4:11
185.12.95.238,10/26/2014 12:26,2/14/2015 16:24
185.144.28.207,4/17/2018 1:06,9/9/2018 1:06
185.172.129.222,4/23/2020 0:51,4/28/2020 13:34
185.172.129.44,3/31/2019 6:37,3/31/2019 6:37
185.172.129.49,3/19/2019 16:44,3/29/2019 23:17
185.172.129.51,4/5/2019 15:13,4/25/2019 18:52
185.188.182.108,1/15/2019 20:52,1/15/2019 20:52
185.188.183.24,5/10/2018 18:56,1/11/2019 13:39
185.189.13.16,5/1/2020 15:10,6/27/2020 0:03
185.189.13.200,4/17/2018 1:06,5/9/2018 1:56
185.195.25.230,9/14/2017 3:21,9/16/2017 4:11
185.223.163.128,1/5/2019 20:38,2/12/2019 11:06
185.53.177.50,4/11/2020 17:48,5/22/2020 17:34
185.53.178.6,7/28/2019 7:22,4/4/2020 22:58
185.53.178.7,11/24/2020 3:58,12/18/2020 21:08
185.58.207.125,1/19/2017 9:31,1/19/2017 9:31
185.68.16.66,7/14/2017 15:46,6/12/2018 20:38
185.86.76.37,3/25/2020 3:11,4/18/2020 22:24
188.120.246.117,2/18/2011 23:04,2/18/2011 23:04
188.163.96.22,3/7/2016 11:12,3/10/2016 11:00
188.40.51.211,3/23/2011 14:59,3/23/2011 14:59
192.161.187.200,6/8/2020 21:40,6/8/2020 21:40
192.30.252.153,10/11/2016 9:46,10/7/2017 9:27
192.30.252.154,10/11/2016 9:46,10/7/2017 9:27
193.124.176.139,2/5/2016 20:58,2/5/2016 21:38
193.227.240.131,2/18/2015 5:00,2/28/2015 14:52
194.58.112.165,7/19/2018 1:33,7/16/2019 8:13
194.58.112.174,11/2/2018 22:37,11/2/2018 22:37
194.58.56.100,3/10/2020 14:57,4/7/2020 11:40
194.58.56.101,2/18/2020 12:39,2/18/2020 12:39
194.58.56.102,4/28/2020 6:01,4/28/2020 6:01
194.58.56.103,4/11/2020 1:15,5/1/2020 9:23
194.58.56.104,4/3/2020 15:49,4/3/2020 15:49
194.58.56.106,4/5/2020 16:29,4/5/2020 16:29
194.58.56.107,4/2/2020 23:31,4/14/2020 6:39
194.58.56.109,4/10/2020 21:54,5/12/2020 5:44
194.58.56.11,4/6/2020 16:30,4/21/2020 12:11
194.58.56.112,3/27/2020 21:10,4/21/2020 12:37
194.58.56.113,4/15/2020 3:54,4/15/2020 3:54
194.58.56.116,4/4/2020 15:17,5/2/2020 10:04
194.58.56.117,3/7/2020 23:26,4/7/2020 11:53
194.58.56.118,4/16/2020 6:47,4/16/2020 6:47
194.58.56.119,4/23/2020 17:00,4/23/2020 17:00
194.58.56.120,4/15/2020 23:21,4/15/2020 23:21
194.58.56.121,4/1/2020 17:00,4/1/2020 17:00
194.58.56.123,3/8/2020 0:43,3/27/2020 15:03
194.58.56.124,3/10/2020 0:02,3/17/2020 0:02
194.58.56.126,4/14/2020 16:18,4/18/2020 1:40
194.58.56.127,3/30/2019 10:06,4/3/2019 7:35
194.58.56.128,4/13/2020 9:51,5/12/2020 17:12
194.58.56.129,4/11/2020 2:52,5/13/2020 23:07
194.58.56.131,8/16/2018 12:20,8/16/2018 12:20
194.58.56.132,10/28/2017 11:41,10/28/2017 11:41
194.58.56.133,4/5/2020 16:52,4/5/2020 16:52
194.58.56.134,4/4/2020 6:39,5/5/2020 10:04
194.58.56.135,7/13/2018 3:14,8/12/2018 1:53
194.58.56.136,4/6/2020 19:16,4/6/2020 19:16
194.58.56.139,3/27/2020 17:35,4/19/2020 11:11
194.58.56.14,4/13/2020 21:37,4/13/2020 21:37
194.58.56.141,4/3/2020 12:49,4/3/2020 12:49
194.58.56.142,4/11/2020 3:07,5/12/2020 9:12
194.58.56.144,4/5/2020 3:54,4/5/2020 3:54
194.58.56.145,2/18/2020 12:39,3/3/2020 13:20
194.58.56.146,4/10/2020 20:08,5/13/2020 13:56
194.58.56.148,2/9/2020 3:21,3/10/2020 14:34
194.58.56.15,1/31/2020 0:26,3/2/2020 2:24
194.58.56.150,4/11/2020 21:27,4/11/2020 21:27
194.58.56.151,4/11/2020 21:30,4/28/2020 15:59
194.58.56.152,3/27/2020 19:20,4/19/2020 19:26
194.58.56.156,4/14/2020 1:31,5/5/2020 15:25
194.58.56.157,4/9/2020 21:26,4/9/2020 21:26
194.58.56.158,3/27/2019 11:26,4/25/2019 11:10
194.58.56.159,4/15/2020 8:28,4/15/2020 8:28
194.58.56.16,4/21/2020 9:34,4/28/2020 11:18
194.58.56.160,4/8/2020 18:42,4/8/2020 18:42
194.58.56.161,6/22/2020 13:47,6/22/2020 13:47
194.58.56.163,4/16/2020 4:59,4/16/2020 4:59
194.58.56.166,8/6/2019 20:44,8/6/2019 20:44
194.58.56.167,4/13/2020 2:00,5/5/2020 17:25
194.58.56.17,4/7/2016 17:24,4/7/2016 17:24
194.58.56.170,2/18/2020 12:39,3/3/2020 13:20
194.58.56.171,7/17/2018 10:04,7/24/2018 7:50
194.58.56.172,2/10/2020 13:48,2/27/2020 21:05
194.58.56.173,2/15/2020 6:42,2/15/2020 6:42
194.58.56.174,3/28/2020 2:27,4/19/2020 11:11
194.58.56.175,4/28/2020 0:18,5/7/2020 2:00
194.58.56.178,4/8/2016 10:51,4/8/2016 10:51
194.58.56.18,2/18/2020 12:39,3/3/2020 13:20
194.58.56.182,4/10/2020 22:15,5/12/2020 5:54
194.58.56.184,3/28/2020 2:32,4/19/2020 11:11
194.58.56.185,3/17/2016 18:55,3/17/2016 18:55
194.58.56.186,4/14/2020 20:56,4/14/2020 20:56
194.58.56.187,4/28/2020 4:12,5/12/2020 4:06
194.58.56.188,4/12/2020 0:40,4/12/2020 0:40
194.58.56.189,5/5/2016 17:28,5/5/2016 17:28
194.58.56.19,3/27/2020 17:21,4/19/2020 11:11
194.58.56.190,3/31/2018 15:05,4/18/2018 1:40
194.58.56.191,4/12/2016 23:00,4/14/2016 21:13
194.58.56.193,5/5/2020 0:34,5/12/2020 0:36
194.58.56.194,4/21/2016 17:31,4/21/2016 21:23
194.58.56.195,4/26/2016 15:46,4/26/2016 15:46
194.58.56.197,5/12/2016 17:44,5/12/2016 17:44
194.58.56.198,4/14/2020 11:09,5/12/2020 6:42
194.58.56.20,11/2/2017 15:08,11/2/2017 15:08
194.58.56.200,4/8/2020 0:18,4/21/2020 17:41
194.58.56.201,2/8/2020 7:26,3/10/2020 13:52
194.58.56.204,4/21/2020 7:43,4/21/2020 7:43
194.58.56.205,5/1/2016 9:23,5/1/2016 9:23
194.58.56.206,4/3/2020 15:10,4/3/2020 15:10
194.58.56.209,4/9/2020 14:15,4/9/2020 14:15
194.58.56.210,3/10/2020 0:11,3/24/2020 0:20
194.58.56.211,4/11/2020 23:45,4/11/2020 23:45
194.58.56.212,3/21/2020 1:03,3/21/2020 1:03
194.58.56.214,10/14/2017 13:10,11/1/2017 13:49
194.58.56.215,2/8/2020 4:31,3/10/2020 16:52
194.58.56.216,4/21/2020 9:03,5/5/2020 11:06
194.58.56.217,4/15/2020 0:21,5/12/2020 15:32
194.58.56.218,4/10/2020 20:23,5/13/2020 13:57
194.58.56.219,5/26/2018 17:12,6/29/2018 14:23
194.58.56.220,7/29/2018 2:21,8/7/2018 21:20
194.58.56.222,4/20/2018 9:51,4/28/2018 1:46
194.58.56.224,1/25/2020 23:33,1/25/2020 23:33
194.58.56.227,4/9/2020 19:16,4/9/2020 19:16
194.58.56.228,4/1/2020 2:48,4/21/2020 17:38
194.58.56.229,3/8/2020 1:45,4/8/2020 16:51
194.58.56.23,5/13/2020 22:59,5/13/2020 22:59
194.58.56.230,2/11/2020 7:02,3/9/2020 10:50
194.58.56.233,4/10/2020 18:13,5/12/2020 5:44
194.58.56.234,3/27/2020 16:30,4/21/2020 3:05
194.58.56.235,4/10/2020 23:50,5/12/2020 3:10
194.58.56.237,4/10/2020 22:31,5/7/2020 4:03
194.58.56.238,3/3/2020 13:20,3/10/2020 14:34
194.58.56.239,3/28/2020 0:25,4/20/2020 6:56
194.58.56.240,4/10/2020 22:23,5/9/2020 22:32
194.58.56.241,4/15/2020 23:59,4/15/2020 23:59
194.58.56.242,2/27/2020 23:14,2/27/2020 23:14
194.58.56.243,3/31/2020 11:21,3/31/2020 11:21
194.58.56.244,4/23/2020 14:58,4/23/2020 14:58
194.58.56.245,4/28/2020 8:26,4/28/2020 8:26
194.58.56.246,7/17/2018 4:53,8/10/2018 16:40
194.58.56.249,4/7/2020 17:31,4/21/2020 12:09
194.58.56.25,4/5/2020 9:33,4/5/2020 9:33
194.58.56.250,4/4/2020 1:47,4/4/2020 1:47
194.58.56.251,3/27/2020 18:13,4/21/2020 2:47
194.58.56.26,3/7/2020 18:31,4/7/2020 4:49
194.58.56.27,4/21/2020 3:22,4/28/2020 3:45
194.58.56.28,2/6/2018 4:30,3/4/2018 6:48
194.58.56.3,2/1/2020 7:56,2/27/2020 21:06
194.58.56.33,4/10/2020 19:52,5/13/2020 9:31
194.58.56.34,4/3/2020 4:11,4/13/2020 2:13
194.58.56.36,3/27/2020 21:43,4/25/2020 9:31
194.58.56.38,11/18/2019 11:55,11/18/2019 11:55
194.58.56.39,1/23/2017 8:18,2/2/2017 23:00
194.58.56.4,4/12/2020 21:16,5/5/2020 15:55
194.58.56.41,4/12/2020 20:25,4/14/2020 3:17
194.58.56.42,4/11/2020 2:01,5/7/2020 21:05
194.58.56.43,4/4/2020 1:10,5/5/2020 10:04
194.58.56.44,8/2/2018 3:25,8/10/2018 8:01
194.58.56.45,3/27/2020 16:50,4/21/2020 6:59
194.58.56.46,3/27/2020 18:13,3/27/2020 18:13
194.58.56.47,4/11/2020 20:30,5/5/2020 4:51
194.58.56.5,9/3/2018 18:30,9/3/2018 18:30
194.58.56.50,4/5/2020 17:48,4/5/2020 17:48
194.58.56.52,3/8/2020 0:16,4/8/2020 16:02
194.58.56.55,3/21/2019 6:10,4/12/2019 7:51
194.58.56.6,9/4/2018 2:00,9/14/2018 8:38
194.58.56.60,7/30/2018 22:50,8/10/2018 4:53
194.58.56.62,11/9/2019 14:40,11/11/2019 13:50
194.58.56.66,6/12/2018 0:44,6/12/2018 0:44
194.58.56.68,11/8/2019 11:01,11/12/2019 1:04
194.58.56.75,7/30/2019 9:45,7/30/2019 9:45
194.58.56.77,8/28/2018 2:20,9/18/2018 2:20
194.58.56.80,8/6/2019 10:50,8/6/2019 10:50
194.58.56.88,6/22/2018 5:51,6/24/2018 15:13
194.58.56.90,2/28/2017 1:45,2/28/2017 1:45
194.58.56.91,4/12/2018 10:59,4/12/2018 10:59
194.58.56.92,7/13/2018 3:19,7/24/2018 14:31
194.58.56.98,4/6/2016 23:46,4/7/2016 18:56
194.58.56.99,1/3/2017 0:42,2/27/2018 3:26
194.67.71.110,7/12/2020 5:52,8/11/2020 0:52
194.67.71.121,11/4/2020 17:54,12/5/2020 23:55
194.67.71.127,10/23/2020 4:22,11/9/2020 4:31
194.67.71.129,7/14/2020 3:56,8/4/2020 3:39
194.67.71.141,7/14/2020 3:56,8/4/2020 3:39
194.67.71.145,7/12/2020 5:52,8/11/2020 0:52
194.67.71.148,7/30/2020 20:24,8/4/2020 3:39
194.67.71.150,7/12/2020 9:51,8/11/2020 0:52
194.67.71.153,7/14/2020 3:56,7/30/2020 20:20
194.67.71.157,7/14/2020 3:56,8/4/2020 3:39
194.67.71.158,7/28/2020 3:17,8/7/2020 23:21
194.67.71.160,7/14/2020 3:56,7/14/2020 3:56
194.67.71.161,7/10/2020 7:10,7/10/2020 7:10
194.67.71.165,7/12/2020 8:37,8/10/2020 21:25
194.67.71.17,10/23/2020 4:32,11/19/2020 15:25
194.67.71.170,7/10/2020 3:49,8/11/2020 0:53
194.67.71.175,7/12/2020 8:41,8/9/2020 15:13
194.67.71.18,7/14/2020 3:56,7/30/2020 20:20
194.67.71.182,10/30/2020 22:56,10/30/2020 22:56
194.67.71.184,7/14/2020 3:56,7/28/2020 3:17
194.67.71.185,7/14/2020 3:56,7/30/2020 20:21
194.67.71.192,7/14/2020 3:56,8/4/2020 3:39
194.67.71.194,7/28/2020 3:17,7/28/2020 3:17
194.67.71.195,7/12/2020 8:37,8/10/2020 19:30
194.67.71.198,10/23/2020 4:21,11/12/2020 1:44
194.67.71.23,7/12/2020 5:52,8/11/2020 0:52
194.67.71.26,7/12/2020 8:37,8/11/2020 0:53
194.67.71.36,7/14/2020 3:56,7/30/2020 20:20
194.67.71.38,7/28/2020 3:17,8/7/2020 20:24
194.67.71.39,7/12/2020 5:52,8/11/2020 0:52
194.67.71.42,7/12/2020 5:52,8/11/2020 0:52
194.67.71.43,7/12/2020 5:52,8/11/2020 0:52
194.67.71.44,10/23/2020 4:26,11/9/2020 4:31
194.67.71.46,10/23/2020 4:25,11/10/2020 10:31
194.67.71.48,7/27/2020 1:19,8/4/2020 3:39
194.67.71.50,7/12/2020 8:41,8/11/2020 0:52
194.67.71.52,10/23/2020 4:22,11/20/2020 6:05
194.67.71.6,7/12/2020 9:51,8/11/2020 0:52
194.67.71.62,11/3/2020 14:43,12/5/2020 23:35
194.67.71.68,11/3/2020 14:23,12/5/2020 23:08
194.67.71.70,7/12/2020 8:40,8/11/2020 0:52
194.67.71.71,7/12/2020 5:52,8/11/2020 0:52
194.67.71.73,10/23/2020 4:23,11/13/2020 23:45
194.67.71.76,7/14/2020 3:56,8/4/2020 3:39
194.67.71.77,11/1/2020 9:14,11/1/2020 9:14
194.67.71.84,10/23/2020 4:26,11/10/2020 6:24
194.67.71.85,8/10/2020 18:40,8/10/2020 18:40
194.67.71.90,7/30/2020 20:24,7/30/2020 20:24
194.67.71.93,7/12/2020 5:52,8/11/2020 0:52
194.67.71.95,8/4/2020 3:39,8/4/2020 3:39
194.85.61.76,3/13/2016 14:53,3/27/2016 17:58
195.123.221.107,9/14/2018 19:49,9/14/2018 19:49
195.2.253.209,6/10/2015 3:19,4/7/2016 13:10
206.189.56.130,11/5/2020 2:16,12/18/2020 21:09
209.141.38.71,6/8/2020 21:40,6/8/2020 21:40
209.236.67.121,10/30/2012 17:07,10/30/2012 17:20
213.186.33.5,6/7/2019 3:29,12/14/2019 21:53
217.16.28.65,6/16/2011 9:21,6/16/2011 9:21
23.234.27.209,2/20/2017 6:16,2/20/2017 6:16
23.90.171.175,7/14/2015 6:59,7/15/2015 18:11
31.31.204.59,2/22/2015 16:56,2/22/2015 16:56
31.31.204.60,1/6/2013 16:11,1/20/2013 16:13
31.31.204.61,3/20/2015 19:35,7/8/2015 11:48
31.31.205.163,5/2/2020 13:47,11/7/2020 4:35
46.165.225.130,10/28/2013 10:00,10/28/2013 10:00
46.17.107.154,3/24/2020 10:00,11/10/2020 10:00
46.17.107.46,11/17/2020 10:00,12/18/2020 21:08
46.17.47.19,2/7/2017 2:11,1/23/2018 0:05
5.101.153.72,4/18/2015 10:00,6/6/2015 8:08
5.196.31.107,3/31/2017 3:10,3/30/2018 0:07
5.34.241.207,8/1/2012 18:21,8/1/2012 18:21
69.197.18.176,6/27/2017 23:50,9/28/2017 16:23
69.197.18.183,5/8/2016 11:33,4/15/2018 10:19
70.39.97.230,5/8/2016 11:33,4/15/2018 10:19
72.52.178.23,9/28/2019 10:52,12/18/2020 21:08
72.52.4.119,10/16/2018 10:59,1/31/2019 7:50
72.52.4.91,9/21/2016 1:30,9/21/2016 1:30
74.119.239.234,1/10/2019 14:29,1/11/2019 14:32
74.63.6.18,8/11/2011 23:42,2/3/2012 2:26
74.84.128.78,10/19/2015 0:41,10/6/2016 18:34
77.221.130.20,10/28/2013 10:01,10/28/2013 10:01
78.108.81.100,5/16/2011 18:55,5/16/2011 18:55
78.111.81.170,3/8/2013 13:20,3/8/2013 13:20
78.159.125.240,12/1/2010 9:55,4/24/2011 6:03
78.47.116.206,3/27/2015 11:45,4/25/2015 16:12
79.132.248.3,9/29/2012 0:55,9/29/2012 0:55
81.177.140.202,1/8/2014 16:05,1/8/2014 16:05
82.118.22.59,9/12/2013 9:41,9/12/2013 9:41
82.146.43.144,2/25/2015 20:27,5/1/2015 17:03
82.146.43.159,3/16/2015 14:35,5/1/2015 17:03
83.222.14.207,6/13/2018 15:13,7/16/2018 14:08
87.242.73.219,2/13/2012 15:23,3/5/2012 15:24
91.107.106.68,1/25/2017 9:52,8/29/2017 4:41
91.195.240.126,3/3/2019 12:37,9/24/2019 1:41
91.195.240.240,1/9/2019 2:37,1/22/2019 7:10
91.218.229.11,12/29/2011 11:14,12/29/2011 11:14
92.222.160.243,7/13/2015 6:38,2/12/2017 5:03
94.158.171.7,11/29/2020 9:32,12/18/2020 21:09
94.23.250.53,10/12/2013 16:31,10/12/2013 16:31
